{
  "no_cheat": true,
  "nasa_hidden_during_training": true,
  "training_case_count": 30,
  "training_cases": {
    "data/PH_Breuer": 2500,
    "data/Parm_PH_29/alpha_05/alpha_05_10071_2024": 2500,
    "data/Parm_PH_29/alpha_05/alpha_05_10071_3036": 2500,
    "data/Parm_PH_29/alpha_05/alpha_05_10071_4048": 2500,
    "data/Parm_PH_29/alpha_05/alpha_05_4071_2024": 2500,
    "data/Parm_PH_29/alpha_05/alpha_05_4071_3036": 2500,
    "data/Parm_PH_29/alpha_05/alpha_05_4071_4048": 2500,
    "data/Parm_PH_29/alpha_05/alpha_05_7071_2024": 2500,
    "data/Parm_PH_29/alpha_05/alpha_05_7071_3036": 2500,
    "data/Parm_PH_29/alpha_05/alpha_05_7071_4048": 2500,
    "data/Parm_PH_29/alpha_075/alpha_075": 2500,
    "data/Parm_PH_29/alpha_10/alpha_10_12000_2024": 2500,
    "data/Parm_PH_29/alpha_10/alpha_10_12000_3036": 2500,
    "data/Parm_PH_29/alpha_10/alpha_10_12000_4048": 2500,
    "data/Parm_PH_29/alpha_10/alpha_10_6000_2024": 2500,
    "data/Parm_PH_29/alpha_10/alpha_10_6000_3036": 2500,
    "data/Parm_PH_29/alpha_10/alpha_10_6000_4048": 2500,
    "data/Parm_PH_29/alpha_10/alpha_10_9000_2024": 2500,
    "data/Parm_PH_29/alpha_10/alpha_10_9000_3036": 2500,
    "data/Parm_PH_29/alpha_10/alpha_10_9000_4048": 2500,
    "data/Parm_PH_29/alpha_125/alpha_125": 2500,
    "data/Parm_PH_29/alpha_15/alpha_15_10929_2024": 2500,
    "data/Parm_PH_29/alpha_15/alpha_15_10929_3036": 2500,
    "data/Parm_PH_29/alpha_15/alpha_15_10929_4048": 2500,
    "data/Parm_PH_29/alpha_15/alpha_15_13929_2024": 2500,
    "data/Parm_PH_29/alpha_15/alpha_15_13929_3036": 2500,
    "data/Parm_PH_29/alpha_15/alpha_15_13929_4048": 2500,
    "data/Parm_PH_29/alpha_15/alpha_15_7929_2024": 2500,
    "data/Parm_PH_29/alpha_15/alpha_15_7929_3036": 2500,
    "data/Parm_PH_29/alpha_15/alpha_15_7929_4048": 2500
  },
  "include_patterns": [
    "Parm_PH_29",
    "PH_Breuer"
  ],
  "prediction_output": "submissions/codex_no_cheat/NASA_2DWMH.csv",
  "n_points": 1000,
  "runtime_seconds": 11.766033821999372,
  "points_per_second": 84.99040671889489,
  "mae_vs_restored_nasa": 9.069384585923947,
  "efficiency_score": 0.09360811398016795,
  "efficiency_formula": "points_per_second / (1 + 100 * mae)"
}